email,first_name,last_name,skill_level
joqctv63@example.com,Joqctv,Dbemifpl,UNKNOWN
grxojmoegc14@example.com,Grxojmoegc,Tslgmsul,Expert
lcszh12@example.com,Lcszh,Zfdocsugox,Expert
ywzyqwen12@example.com,Ywzyqwen,Iljuoon,Expert
eusct22@example.com,Eusct,Hzfmzyktzi,Novice
papxskartl68@example.com,Papxskartl,Ztpzntqlgb,Expert
lqxiknq95@example.com,Lqxiknq,Opnjn,Novice
invalid-email,,,COMPETENT
lavfuqdhxo9@example.com,Lavfuqdhxo,Ctvfn,COMPETENT
gmzmhxeaih59@example.com,Gmzmhxeaih,Tbmyazayzq,Expert
vtxuyyvtv45@example.com,Vtxuyyvtv,Qzuhfanb,UNKNOWN
supepz82@example.com,Supepz,Llxiua,Expert
mvxlwxui75@example.com,Mvxlwxui,Fgnqwtbslo,COMPETENT
rzhnjazf51@example.com,Rzhnjazf,Kkesasre,UNKNOWN
zmchzcprk67@example.com,Zmchzcprk,Tikutncqd,UNKNOWN
cxqpym39@example.com,Cxqpym,Ccuvdtd,Novice
dnfjfuvid7@example.com,Dnfjfuvid,Oinbpgpn,Expert
aayktvrjk55@example.com,Aayktvrjk,Stebor,COMPETENT
cjxgx27@example.com,Cjxgx,Iwdtf,COMPETENT
xbxffrwn73@example.com,Xbxffrwn,Zjiuwdft,Novice
gdcbl87@example.com,Gdcbl,Snvrgkl,COMPETENT
invalid-email,,,UNKNOWN
bscvaieslx16@example.com,Bscvaieslx,Lnnpoavqx,Novice
qistrr57@example.com,Shoqivlqm,,UNKNOWN
invalid-email,,,Novice
lsnadgom34@example.com,Lsnadgom,Vuyizik,COMPETENT
glgxmlce69@example.com,Glgxmlce,Nnuzaofrpf,Novice
lskernsxsh31@example.com,Lskernsxsh,Olyej,COMPETENT
invalid-email,,,INVALID_LEVEL
nckdgtoaaz67@example.com,Nckdgtoaaz,Rwsng,UNKNOWN
uxqjtnfmg92@example.com,Uxqjtnfmg,Bwnoq,Expert
vnrtpohe72@example.com,Joiiny,,Expert
zclze73@example.com,Zclze,Orzzx,Expert
tddjviiun98@example.com,Tddjviiun,Wjvdpqnl,Novice
seqefo2@example.com,Seqefo,Pcduanmnxg,Novice
shzyu16@example.com,Shzyu,Yjanqekh,UNKNOWN
snokyydzd25@example.com,Snokyydzd,Gaotwn,Novice
fcgqksg77@example.com,Fcgqksg,Hqnwdforg,Novice
invalid-email,Ahesptr,Nxolkdwol,INVALID_LEVEL
sucnnqhees53@example.com,Sucnnqhees,Esmlbsi,Novice
invalid-email,,,Expert
hhvtrjcmt81@example.com,Hhvtrjcmt,Aagie,Expert
snrmcojxx73@example.com,Snrmcojxx,Zzlazu,COMPETENT
yhxxh65@example.com,Yhxxh,Iwlzqhrj,COMPETENT
qpwoetub33@example.com,Qpwoetub,Gkavjwvq,Novice
wfabtldviq17@example.com,Wfabtldviq,Xmjgwfrqir,Expert
drrzol1@example.com,Drrzol,Sejwurijh,Expert
qlrspsvowy88@example.com,Qlrspsvowy,Cyutq,Novice
bsbvcxgxz66@example.com,Bsbvcxgxz,Lenoy,COMPETENT
nmkmhwuion3@example.com,Nmkmhwuion,Pcbcwqhv,Expert
nqxeercyu63@example.com,Nsmhoqltv,,INVALID_LEVEL
zssrbis1@example.com,Zssrbis,Gyuise,Novice
tjwrwbf56@example.com,Tjwrwbf,Dzfkuoto,Expert
wkmyy37@example.com,Wkmyy,Rnoqmth,COMPETENT
qmsjxyhbx3@example.com,Qmsjxyhbx,Dprnv,Expert
nglywwri31@example.com,Nglywwri,Qjgplerg,COMPETENT
qnfyo58@example.com,Qnfyo,Bhhktoxm,COMPETENT
wsnmmzxxjp96@example.com,Wsnmmzxxjp,Jcklrkm,COMPETENT
xhmxukbne69@example.com,Xhmxukbne,Xiybxt,Novice
lobmthwbvs63@example.com,,Kzifrajlyh,Novice
zifgrovvb59@example.com,Zifgrovvb,Ztbfnl,Expert
juawqw33@example.com,Juawqw,Sxhgvdzxvx,COMPETENT
migemkxgqx96@example.com,Migemkxgqx,Hegbf,Novice
wpolsa85@example.com,Wpolsa,Cogstfyus,COMPETENT
bkixaxlzdr98@example.com,Bkixaxlzdr,Wvxnh,Novice
jxotx90@example.com,Zlsvy,Webfgg,INVALID_LEVEL
gusnxed13@example.com,Gusnxed,Erioghcd,UNKNOWN
fcodvjp50@example.com,Fcodvjp,Yzynggdkta,Novice
mlrvkd48@example.com,Mlrvkd,Xpriq,Novice
ssbvpvdjgk92@example.com,Ssbvpvdjgk,Ctfvkjnc,UNKNOWN
jalwrawqyb43@example.com,Jalwrawqyb,Wiardgryr,UNKNOWN
xixbwhnvje46@example.com,Xixbwhnvje,Jvjjksjtor,Novice
wksbuwt40@example.com,Wksbuwt,Iyionhg,UNKNOWN
cbvii11@example.com,Cbvii,Ribhdgm,Novice
xgabbdqrdy46@example.com,Xgabbdqrdy,Mbmahtfqpw,UNKNOWN
ajbwmvqkeq81@example.com,Ajbwmvqkeq,Cwllrlo,COMPETENT
wvoakcwcc95@example.com,Wvoakcwcc,Qfnscyg,UNKNOWN
mufvvbtqfw33@example.com,Liktpxrgn,,Expert
ovzpljw21@example.com,Ovzpljw,Ojgwvno,UNKNOWN
rpruinnx75@example.com,Rpruinnx,Sychr,Expert
nngua54@example.com,Nngua,Lryrispu,Expert
gilcqqss19@example.com,,Dxvkbp,COMPETENT
fztol16@example.com,Fztol,Nzscwjjxyb,Novice
ecojpfki68@example.com,Ecojpfki,Atrtluegcf,Novice
ekcbnmbfzi83@example.com,Ekcbnmbfzi,Psqxbsnxmi,COMPETENT
dxoso83@example.com,Dxoso,Ibxkihamgu,Novice
bwifpkuz18@example.com,Bwifpkuz,Gbkfmhxnic,UNKNOWN
rcdgsjag8@example.com,Rcdgsjag,Kcvmyglhsy,COMPETENT
invalid-email,Tbdbyivha,,UNKNOWN
vxoic100@example.com,Vxoic,Nzshqx,Novice
yclyfe87@example.com,Yclyfe,Hmoasrxpbx,COMPETENT
lgozdr58@example.com,Lgozdr,Kfyrlbwo,COMPETENT
invalid-email,Ntwvo,Sciwos,INVALID_LEVEL
mpzwypf74@example.com,Mpzwypf,Neoalpuson,COMPETENT
alwdqdyp95@example.com,Alwdqdyp,Gzcklgo,Novice
hwmxvwo39@example.com,Hwmxvwo,Pucatryoge,Expert
tsbjhnu36@example.com,Tsbjhnu,Gtwyz,Expert
qokriyb91@example.com,Wgzwbmql,,INVALID_LEVEL
iaecbyfasv36@example.com,Iaecbyfasv,Jgxkiustfj,COMPETENT
zlotac65@example.com,Zlotac,Tfanavts,Novice
